company,sector,region,re100,sbti,cn,nz,cc
3m,Chemicals,North America,1111-,0000-,1111-,0000-,0001-
Bunge Global,,,00000,00111,00000,00000,00000
COSCO Shipping,,,00000,00111,00000,00111,00000
Cencora,,,00000,00111,00000,00000,00000
Elevance Health,,,11111,00001,00000,00111,00101
GSK,,,10111,11111,00000,11111,00011
Mercedes-Benz Group,,,00000,00011,11111,00000,01010
Meta Platforms,,,11110,00011,00000,11111,00011
Olam Group,,,00000,11111,00000,00011,00010
Paramount Global,,,000--,000--,000--,000--,000--
RTX,,,00000,00000,00000,00110,00010
Shell,,,00000,00000,00000,11111,01011
TD Synnex,,,00000,00011,00000,01111,00001
abb,Industrial goods,Europe,11-11,11-11,11-00,00-11,01-10
abbott laboratories,Health care and pharmaceuticals,North America,00000,00110,00000,00001,00000
abbvie,Health care and pharmaceuticals,North America,00000,00111,00000,00010,00010
accenture,Technology,Europe,11111,11111,00000,11111,00010
achmea,Financial services,Europe,0----,0----,1----,0----,0----
acs,Engineering and construction,Europe,00000,00000,01110,00001,00101
aeon,Retail,Asia,01111,01111,10000,01111,0-1010
agricultural bank of china,Financial services,Asia,00000,00000,00000,00000,0000-1
aia group,Financial services,Asia,00-00,00-11,00-00,01-11,00-00
aig,Financial services,North America,---0-,---0-,---0-,---1-,---0-
air france-klm group,Transportation and logistics,Europe,---00,---11,---00,---11,---01
air liquide,Chemicals,Europe,--0--,--1--,--1--,--0--,--0--
airbus,Aerospace and defense,Europe,00100,00111,00000,01110,00011
aisin,Automotive,Asia,0000-,0001-,1111-,1000-,0-101-
albertsons,Retail,North America,00000,01111,00000,00111,00010
alfresa holdings,Health care and pharmaceuticals,Asia,0----,0----,0----,0----,0----
alibaba group holding,Retail,Asia,00000,00000,01111,00000,01110
alimentation couche-tard,Retail,North America,00000,00000,00011,00000,00010
allianz,Financial services,Europe,11111,00000,11000,11111,00111
allstate,Financial services,North America,00000,00000,00000,00111,01000
alphabet,Retail,North America,11000,00001,11000,01111,0111-1
aluminum corp. of china,Metals and mining,Asia,00000,00000,00000,00000,00000
amazon,Retail,North America,00000,00000,00000,11111,00011
amer international group,Industrial goods,Asia,000--,000--,000--,000--,000--
america movil,Telecommunications and media,Other,---00,---10,---00,---01,---00
american airlines group,Transportation and logistics,North America,-0000,-1111,-0000,-1111,-1011
american express,Financial services,North America,11111,00001,11000,01111,00111
amgen,Health care and pharmaceuticals,North America,0---0,0---1,1---1,0---0,0---0
américa móvil,Telecommunications and media,North America,000--,111--,100--,011--,000--
anglo american,Energy and utilities,Other,000--,000--,111--,000--,000--
anheuser-busch inbev,"Food, beverages and agriculture",Europe,11111,11111,00000,01111,00010
anhui conch group,Industrial goods,Asia,000--,000--,000--,000--,0-10--
ansteel group,Metals and mining,Asia,00000,00000,00001,00000,00000
anz group holdings,Financial services,Other,---11,---00,---00,---10,---01
apollo global management,Financial services,North America,---0-,---0-,---1-,---0-,---1-
apple,Technology,North America,11111,11111,11111,10000,01111
arcelormittal,Metals and mining,Europe,00000,00000,10100,01011,01111
archer daniels midland,"Food, beverages and agriculture",North America,00000,00000,00000,00000,00000
arrow electronics,Retail,North America,0000-,0000-,0000-,0000-,0000-
assicurazioni generali,Financial services,Europe,00000,00000,11000,11111,01011
astrazeneca,Health care and pharmaceuticals,Europe,11111,01111,00000,11111,00110
at&t,Telecommunications and media,North America,00000,11111,11110,00001,00111
aviation industry corp. of china,Aerospace and defense,Asia,0000-,0000-,0000-,0101-,0001-
aviva,Financial services,Europe,11---,00---,11---,11---,01---
axa,Financial services,Europe,11111,00000,11000,11111,01111
bae systems,Aerospace and defense,Europe,0---0,0---1,0---0,1---1,0---0
banco bilbao vizcaya argentaria,Financial services,Europe,11000,00000,11000,11111,01111
banco bradesco,Financial services,Other,00000,00000,11000,11111,01111
banco do brasil,Financial services,Other,00000,00000,11110,00000,01111
banco santander,Financial services,Europe,00000,00000,11000,11111,01111
bank of america,Financial services,North America,11100,00000,11000,11111,0-1111
bank of china,Financial services,Asia,00000,00000,00111,00000,00101
bank of communications,Financial services,Asia,00000,00000,00000,00000,0-1000
bank of montreal,Financial services,North America,0-000,0-000,1-000,1-111,0-111
bank of new york (bny),Financial services,North America,----0,----0,----0,----0,----1
bank of new york mellon,Financial services,North America,---0-,---0-,---1-,---0-,---1-
bank of nova scotia,Financial services,North America,00000,00000,00000,01111,00011
barclays,Financial services,Europe,11111,00000,01000,11111,01101
basf,Chemicals,Europe,00000,00000,10000,01111,01011
bayer,Chemicals,Europe,00000,11111,11000,11111,01111
beijing automotive group,Automotive,Asia,00000,00000,01101,00000,00000
beijing jianlong heavy industry group,Metals and mining,Asia,00000,00000,00000,00000,00000
berkshire hathaway,Financial services,North America,00000,00000,00000,00000,00000
best buy,Retail,North America,00000,11111,11000,00111,01011
bharat petroleum,Oil and gas,Asia,00000,00000,00000,01111,00010
bhp group,Metals and mining,Other,00000,00000,00000,11111,01011
bmw group,Automotive,Europe,11111,11111,11100,00011,01111
bnp paribas,Financial services,Europe,00000,00000,11111,11000,01011
boehringer ingelheim,Health care and pharmaceuticals,Europe,0----,0----,0----,0----,0----
boeing,Aerospace and defense,North America,00000,00000,00010,11100,01011
bosch group,Automotive,Europe,00000,00001,11111,00000,00111
bouygues,Engineering and construction,Europe,00000,00010,00000,00001,00000
bp,Oil and gas,Europe,00000,00000,00000,11111,01011
bridgestone,Automotive,Asia,000--,001--,111--,000--,0-10--
bristol-myers squibb,Health care and pharmaceuticals,North America,00000,00011,11100,00011,00110
british american tobacco,Household and personal products,Europe,00000,11111,11000,01111,00110
broadcom,Technology,North America,--000,--000,--000,--000,--000
brookfield,Financial services,North America,---00,---00,---00,---11,---01
brookfield asset management,Financial services,North America,000--,000--,000--,111--,0-10--
bt group,Telecommunications and media,Europe,1----,1----,0----,1----,0----
byd,Automotive,Asia,-0000,-0000,-0001,-0000,-0000
caixa economica federal,Financial services,Other,--000,--000,--000,--001,--001
canadian imperial bank of commerce,Financial services,North America,---00,---00,---00,---11,---11
canadian natural resources,Energy and utilities,North America,--0--,--0--,--0--,--0--,--0--
canon,Technology,Asia,00---,00---,00---,11---,01---
capital one financial,Financial services,North America,11110,00000,00110,00001,01-1-1-1
cardinal health,Health care and pharmaceuticals,North America,00000,00011,00000,00000,00000
carmax,Retail,North America,-00--,-00--,-00--,-11--,-10--
carrefour,Retail,Europe,00000,11111,01111,00000,00100
caterpillar,Engineering and construction,North America,00000,00000,00000,00000,00000
cathay financial holding,Financial services,Asia,00---,00---,00---,00---,00---
cbre group,Real estate,North America,----0,----1,----0,----1,----1
cenovus energy,Metals and mining,North America,-0000,-0000,-0000,-1111,-1001
centene,Health care and pharmaceuticals,North America,00000,00000,00000,00000,00000
centrica,Energy and utilities,Europe,0--0-,0--0-,0--0-,1--1-,0--0-
cfe,Energy and utilities,Other,---00,---00,---00,---00,---00
charter communications,Telecommunications and media,North America,00000,00000,11111,00000,01000
chemchina,Chemicals,Asia,0----,0----,0----,0----,0----
chengdu xingcheng investment group,Engineering and construction,Asia,-00--,-00--,-00--,-00--,-00--
cheniere energy,Energy and utilities,North America,--0--,--0--,--0--,--0--,--0--
chery holding group,Automotive,Asia,0--00,0--00,0--00,0--00,0--00
chevron,Oil and gas,North America,00000,00000,00000,01111,00011
china aerospace science & industry,Aerospace and defense,Asia,000--,000--,000--,000--,000--
china aerospace science & technology,Aerospace and defense,Asia,00---,00---,00---,00---,00---
china baowu steel group,Metals and mining,Asia,00000,00000,11110,00000,01001
china communications construction,Engineering and construction,Asia,00000,00000,00000,00000,0000-1
china construction bank,Financial services,Asia,00000,00000,00000,00000,00000
china datang,Energy and utilities,Asia,00000,00000,10000,00000,00000
china electronics,Technology,Asia,00000,00000,00000,00000,00000
china electronics technology group,Aerospace and defense,Asia,0000-,0000-,0000-,0000-,0000-
china energy engineering group,Engineering and construction,Asia,00000,00000,00000,00000,00000
china energy investment,Energy and utilities,Asia,00000,00000,00000,00000,00000
china everbright group,Financial services,Asia,00---,00---,01---,00---,00---
china evergrande group,Real estate,Asia,0----,0----,0----,0----,0----
china faw group,Automotive,Asia,00000,00000,00000,00000,00000
china general technology,Financial services,Asia,0---0,0---0,0---0,0---0,0---0
china huadian,Energy and utilities,Asia,00000,00000,00000,00000,00000
china huaneng group,Energy and utilities,Asia,00000,00000,00001,00000,00000
china life insurance,Financial services,Asia,00000,00000,00000,00000,00000
china merchants bank,Financial services,Asia,00000,00000,00001,00000,00000
china merchants group,Transportation and logistics,Asia,000--,000--,000--,000--,000--
china minmetals,Metals and mining,Asia,00000,00000,00000,00100,00000
china minsheng banking,Financial services,Asia,00000,00000,00000,00000,00000
china national aviation fuel group,Financial services,Asia,-0000,-0000,-0000,-0000,-000-1
china national building material group,Industrial goods,Asia,00000,00000,00000,00010,00000
china national coal group,Metals and mining,Asia,00000,00000,00000,00000,00000
china national nuclear,Energy and utilities,Asia,0000-,0000-,0000-,0000-,0000-
china national offshore oil,Metals and mining,Asia,00000,00000,00110,00000,00011
china national petroleum,Oil and gas,Asia,00000,00000,00000,11001,00000
china pacific insurance (group),Financial services,Asia,00000,00000,00000,00000,00000
china post group,Real estate,Asia,00000,00000,01000,00000,00000
china railway construction,Engineering and construction,Asia,00000,00000,00001,00000,00000
china reinsurance (group),Financial services,Asia,0----,0----,0----,0----,0----
china resources,Financial services,Asia,00000,00000,00000,00000,00000
china south industries group,Aerospace and defense,Asia,00000,00000,00000,00000,00000
china southern power grid,Energy and utilities,Asia,00000,00000,00000,00000,00000
china state construction engineering,Engineering and construction,Asia,00000,00000,00011,00000,00000
china state shipbuilding,Transportation and logistics,Asia,0000-,0000-,0000-,0000-,0000-
china taiping insurance group,Financial services,Asia,000--,000--,000--,001--,000--
china telecommunications,Telecommunications and media,Asia,00000,00000,10000,00000,00000
china united network communications,Telecommunications and media,Asia,00000,00000,00000,00000,00000
china vanke,Real estate,Asia,00000,00000,00000,00000,00100
christian dior,Retail,Europe,00000,00001,00000,00000,00000
chs,"Food, beverages and agriculture",North America,00000,00000,00000,00000,00000
chubb,Financial services,Europe,00000,00000,01100,00000,01101
chubu electric power,Energy and utilities,Asia,0----,0----,0----,1----,0----
cigna,Health care and pharmaceuticals,North America,01111,00000,11111,00000,00010
cisco systems,Technology,North America,00011,11111,00000,01111,00000
citigroup,Financial services,Asia,00100,00000,10000,00101,00001
cj corp.,"Food, beverages and agriculture",Asia,000--,000--,011--,000--,010--
ck hutchison holdings,Retail,Asia,00000,00110,00000,10111,00010
cma cgm,Transportation and logistics,Europe,00---,00---,10---,01---,00---
coca-cola,"Food, beverages and agriculture",North America,00100,11111,00000,11111,00010
cofco,Financial services,Asia,00000,00011,00000,00000,00000
coles group,Retail,Other,00---,00---,00---,11---,00---
comcast,Telecommunications and media,North America,00000,00001,11111,00000,00101
commonwealth bank of australia,Financial services,Other,1--01,0--00,0--00,0--11,0--11
compal electronics,Technology,Asia,000--,000--,000--,011--,000--
compass group,Industrial goods,Europe,0-000,0-111,0-000,0-111,0-011
conocophillips,Metals and mining,North America,-0000,-0000,-0000,-1111,-1011
contemporary amperex technology,Automotive,Asia,--000,--000,--011,--000,--001
continental,Automotive,Europe,11111,11111,11111,00000,01110
coop group,Retail,Europe,00000,00100,11000,01111,01000
costco wholesale,Retail,North America,00000,00000,00000,00000,00000
country garden holdings,Real estate,Asia,000-0,000-0,100-0,000-0,0-10-0
cpc,Oil and gas,Asia,-0000,-0000,-0000,-0011,-0011
credit agricole,Financial services,Europe,11111,00000,00110,10001,00111
credit suisse group,Financial services,Europe,11---,00---,11---,11---,00---
crh,Industrial goods,Europe,00000,01111,11000,00111,00000
crrc group,Industrial goods,Asia,00000,00000,00111,00000,00000
crédit mutuel group,Financial services,Europe,---00,---00,---00,---11,---01
cummins,Industrial goods,North America,---00,---11,---00,---11,---00
cvs health,Health care and pharmaceuticals,North America,00000,11111,01000,01111,00001
d.r. horton,Engineering and construction,North America,--000,--000,--000,--000,--000
dai-ichi life holdings,Financial services,Asia,00000,00000,00000,11111,00000
daimler truck holding,Automotive,Europe,--000,--000,--111,--000,--001
daiwa house industry,Engineering and construction,Asia,11110,11111,01000,10111,00001
danaher,Health care and pharmaceuticals,North America,-00--,-00--,-00--,-00--,-00--
danone,"Food, beverages and agriculture",Europe,11---,11---,11---,00---,01---
deere,Engineering and construction,North America,00000,00111,00000,00001,00000
dell technologies,Technology,North America,11111,11111,00000,11111,00010
delta air lines,Transportation and logistics,North America,-0000,-0111,-1000,-1111,-0011
denso,Automotive,Asia,00000,00011,11111,00000,00111
deutsche bank,Transportation and logistics,Europe,00001,11110,11110,00001,00101
deutsche post dhl group,Transportation and logistics,Europe,000--,001--,000--,111--,010--
deutsche telekom,Telecommunications and media,Europe,11111,11111,11000,11111,00111
dhl group,Transportation and logistics,Europe,---00,---11,---00,---11,---01
dollar general,Retail,North America,00000,00000,00000,00000,00001
dollar tree,Retail,North America,0----,0----,0----,0----,0----
dongfeng motor,Automotive,Asia,00000,00000,00001,00000,00100
dow,Chemicals,North America,00000,00000,11111,00000,01010
dsv,Transportation and logistics,Europe,-00--,-11--,-00--,-01--,-00--
dz bank,Financial services,Europe,00-00,00-00,00-10,00-01,00-11
e.on,Energy and utilities,Europe,00000,01111,11111,00000,0-1110
ecopetrol,Metals and mining,Other,--000,--000,--000,--111,--011
edeka zentrale,"Food, beverages and agriculture",Europe,00000,00001,00000,00011,0-1000
electricite de france,Energy and utilities,Europe,00000,11111,11000,00111,0100-1
eli lilly,Health care and pharmaceuticals,North America,0--00,0--00,1--11,0--00,0--11
elo group,Retail,Europe,00000,00100,01000,00000,00000
emirates group,Transportation and logistics,Other,---00,---00,---00,---00,---00
enbridge,Energy and utilities,North America,00000,00000,00000,11111,01011
enel,Energy and utilities,Europe,00000,11111,00000,11111,0-101-1
eneos holdings,Oil and gas,Asia,00000,00000,11111,00000,00011
energi danmark group,Energy and utilities,Europe,--0--,--0--,--1--,--0--,--1--
energie baden-wurttemberg,Energy and utilities,Europe,-0000,-0111,-1111,-0000,-1111
energy transfer,Energy and utilities,North America,00000,00000,00000,00000,00000
engie,Energy and utilities,Europe,00000,11111,00000,11111,0-1011
eni,Oil and gas,Europe,00000,00000,10100,11011,00111
enterprise products partners,Energy and utilities,North America,00000,00000,00000,00000,00000
equinor,Oil and gas,Europe,00000,00000,11000,11111,00001
ericsson,Telecommunications and media,Europe,0----,1----,1----,0----,0----
exelon,Energy and utilities,North America,00---,00---,00---,11---,00---
exor group,Financial services,Europe,0000-,0000-,0100-,0111-,0-111-
exxon mobil,Oil and gas,North America,00000,00000,00000,01111,00011
fairfax financial holdings,Financial services,North America,---00,---00,---00,---00,---00
fannie mae,Financial services,North America,00000,00000,00000,00000,00000
fedex,Transportation and logistics,North America,00000,00000,11111,00000,01000
financière de l'odet,Telecommunications and media,Europe,0----,0----,1----,0----,0----
finatis,"Food, beverages and agriculture",Europe,000--,000--,000--,000--,000--
flex,Technology,Asia,0----,1----,0----,0----,0----
fomento economico mexicano,"Food, beverages and agriculture",Other,--000,--000,--000,--000,--000
ford motor,Automotive,North America,00000,11111,11111,00000,00111
fortum,Energy and utilities,Europe,00---,00---,11---,00---,00---
freddie mac,Financial services,North America,00000,00000,00000,00000,00000
fresenius,Health care and pharmaceuticals,Europe,000--,000--,001--,010--,000--
fubon financial holding,Financial services,Asia,00---,00---,00---,00---,00---
fujitsu,Technology,Asia,11---,11---,00---,11---,01---
gasterra,Energy and utilities,Europe,--0--,--0--,--0--,--0--,--0--
gazprom,Energy and utilities,Europe,00000,00000,00000,00000,00001
ge vernova,Energy and utilities,North America,----0,----0,----0,----1,----1
general dynamics,Aerospace and defense,North America,00000,00000,01011,00000,01000
general electric,Industrial goods,North America,0000-,0000-,1100-,1111-,0111-
general electric (ge aerospace),Aerospace and defense,North America,----0,----0,----0,----1,----1
general motors,Automotive,North America,11111,11111,11111,00000,00001
george weston,Retail,North America,00000,00000,00000,01111,00010
gilead sciences,Health care and pharmaceuticals,North America,0----,1----,0----,0----,0----
glencore,Metals and mining,Europe,00000,00000,00000,11111,0-1000
goldman sachs group,Financial services,North America,11111,00000,11000,11111,01111
gree electric appliances,Industrial goods,Asia,00---,00---,00---,00---,00---
greenland holding group,Real estate,Asia,00000,00000,00000,00000,00000
groupe bpce,Financial services,Europe,00000,00000,00110,11001,0-1011
gs caltex,Oil and gas,Asia,-0000,-0000,-0001,-0000,-0000
guangdong guangxin holdings,Financial services,Asia,--000,--000,--000,--000,--000
guangxi investment group,Financial services,Asia,00000,00000,00000,00000,00000
guangzhou automobile industry group,Automotive,Asia,00000,00000,00111,00000,00010
guangzhou industrial investment holdings,Industrial goods,Asia,--000,--000,--000,--000,--000
guangzhou municipal construction group,Engineering and construction,Asia,00000,00000,00000,00000,00000
guangzhou pharmaceutical holdings,Health care and pharmaceuticals,Asia,00000,00000,00000,00000,00000
guidewell mutual holding,Health care and pharmaceuticals,North America,----0,----0,----0,----0,----0
haier smart home,Household and personal products,Asia,00000,00000,00000,00101,00000
hailiang group,Financial services,Asia,00-00,00-00,00-00,00-01,00-00
hangzhou industrial investment group,Financial services,Asia,---00,---00,---00,---00,---00
hangzhou iron and steel group,Metals and mining,Asia,-0000,-0000,-0000,-0000,-0000
hanwha,Financial services,Asia,00000,00000,00000,00011,00011
hapag-lloyd,Transportation and logistics,Europe,--0--,--0--,--1--,--0--,--0--
hbis group,Metals and mining,Asia,00000,00000,11111,00000,00000
hca healthcare,Health care and pharmaceuticals,North America,00000,00000,00000,00011,00000
hd hyundai,Oil and gas,Asia,--000,--000,--001,--000,--001
hdfc bank,Financial services,Asia,---00,---00,---01,---00,---00
heineken,"Food, beverages and agriculture",Europe,---11,---11,---00,---11,---01
hengli group,Household and personal products,Asia,00000,00000,00000,00000,00000
heraeus holding,Metals and mining,Europe,00---,00---,01---,00---,00---
hewlett packard enterprise,Technology,North America,1----,1----,0----,1----,0----
hf sinclair,Energy and utilities,North America,--0--,--0--,--0--,--0--,--0--
hitachi,Technology,Asia,00000,11111,11110,00001,00110
holcim,Industrial goods,Europe,00---,01---,00---,11---,00---
home depot,Retail,North America,01111,00011,00000,00000,00000
hon hai precision industry,Technology,Asia,00001,00111,00000,11111,00010
honda motor,Automotive,Asia,00000,00000,11111,00000,01001
honeywell international,Industrial goods,North America,00000,00111,11111,00000,00101
hp,Technology,North America,11111,11111,11000,11111,00111
hsbc holdings,Financial services,Europe,11111,00000,00000,11111,00011
huawei investment & holding,Technology,Asia,00000,00000,00000,00000,00000
huayang new material technology group,Industrial goods,Asia,0----,0----,0----,0----,0----
humana,Health care and pharmaceuticals,North America,00000,00011,00000,00000,00000
hunan iron & steel group,Metals and mining,Asia,00000,00000,00000,00000,00000
hyundai mobis,Automotive,Asia,01111,00001,01000,00111,00010
hyundai motor,Automotive,Asia,11111,00000,11011,00100,01010
iberdrola,Energy and utilities,Europe,00000,11111,11000,00111,00-111
ibm,Technology,North America,--000,--000,--000,--111,--011
icici bank,Financial services,Asia,----0,----0,----1,----0,----0
idemitsu kosan,Oil and gas,Asia,00000,00000,11111,00000,00110
indian oil,Oil and gas,Asia,00000,00000,00000,00111,00011
inditex,Retail,Europe,-0000,-1111,-0000,-1111,-0000
industrial & commercial bank of china,Financial services,Asia,00000,00000,00100,00000,00001
industrial bank,Financial services,Asia,00000,00000,00001,00000,00001
ing group,Financial services,Europe,11111,01001,10000,01111,0011-1
ingram micro holding,Industrial goods,North America,----0,----1,----0,----0,----1
intel,Technology,North America,11111,00000,10000,01111,0-1011
international airlines group,Transportation and logistics,Europe,----0,----0,----0,----1,----1
international business machines,Technology,North America,00---,00---,00---,11---,00---
intesa sanpaolo,Financial services,Europe,00000,00001,00000,01111,01101
investor,Financial services,Europe,-0---,-0---,-0---,-1---,-0---
itau unibanco holding,Financial services,Other,00000,00000,01000,01111,01111
itochu,Financial services,Asia,00000,00000,11000,11111,01011
j. sainsbury,Retail,Europe,00000,11111,00000,11111,0-1000
jabil,Industrial goods,North America,0000-,0000-,0111-,0000-,0000-
japan post holdings,Financial services,Asia,00000,00000,11111,00000,0-1000
jardine matheson,Automotive,Asia,00000,00000,00000,00011,00000
jbs,"Food, beverages and agriculture",Europe,00000,00000,00000,11111,0-1010
jd.com,Retail,Asia,00000,00000,01000,00000,01000
jerónimo martins,Retail,Europe,---00,---11,---00,---11,---01
jfe holdings,Metals and mining,Asia,0000-,0000-,0111-,0000-,0000-
jiangsu shagang group,Metals and mining,Asia,00000,00000,00000,00000,00000
jiangxi copper,Metals and mining,Asia,00000,00000,00000,00000,00000
jinchuan group,Metals and mining,Asia,00000,00000,00000,00000,00000
jinneng holding group,Metals and mining,Asia,00000,00000,00000,00000,00000
johnson & johnson,Health care and pharmaceuticals,North America,11111,11111,11000,10111,00101
jpmorgan chase,Financial services,North America,11100,00000,11000,00111,00111
kansai electric power,Energy and utilities,Asia,0----,0----,0----,0----,0----
kb financial group,Financial services,Asia,00111,01111,01000,10111,0-1010
kddi,Telecommunications and media,Asia,01111,01111,00010,11101,00111
kia,Automotive,Asia,01111,00000,01101,00010,00110
koc holding,Energy and utilities,Europe,00000,00000,11111,00000,00000
korea gas,Oil and gas,Asia,--00-,--00-,--10-,--00-,--00-
kraft heinz,"Food, beverages and agriculture",North America,0----,0----,0----,0----,0----
kroger,Retail,North America,00000,00000,00000,00000,00000
kuehne + nagel international,Transportation and logistics,Europe,-00--,-11--,-10--,-01--,-00--
l'oreal,Household and personal products,Europe,00000,11111,11000,11111,001-11
la poste,Transportation and logistics,Europe,11001,11111,11000,01111,01100
landesbank baden-wurttemberg,Financial services,Europe,---00,---00,---00,---11,---01
legal & general group,Financial services,Europe,00---,00---,00---,11---,00---
lennar,Engineering and construction,North America,--000,--000,--000,--000,--000
lenovo group,Technology,Asia,00000,11111,00000,01111,01010
lg chem,Chemicals,Asia,00000,00000,00000,01111,01111
lg electronics,Technology,Asia,00111,01111,11111,00000,00111
liberty mutual insurance group,Financial services,North America,00000,00000,00000,00000,0-1000
life insurance corp. of india,Financial services,Asia,-0000,-0000,-0000,-0000,-0000
linde,Chemicals,Europe,00000,00111,00111,00000,00000
lithia motors,Retail,North America,----0,----0,----0,----0,----1
lloyds banking group,Financial services,Europe,11-11,00-00,00-00,11-11,01-11
lockheed martin,Aerospace and defense,North America,00000,00000,00000,00000,00000
longfor group holdings,Financial services,Asia,000--,000--,000--,000--,001--
louis dreyfus,"Food, beverages and agriculture",Europe,00000,00000,00000,00000,00001
lowe's,Retail,North America,00000,00000,00000,01111,00000
lu'an chemical group,Energy and utilities,Asia,-00--,-00--,-00--,-00--,-00--
lufthansa group,Transportation and logistics,Europe,--000,--011,--111,--000,--111
lukoil,Oil and gas,Europe,00-00,00-00,00-00,00-10,00-00
luxshare precision industry,Technology,Asia,--000,--011,--111,--000,--100
lyondellbasell industries,Chemicals,Europe,00000,00000,00000,01111,01010
maersk group,Transportation and logistics,Europe,00000,00011,10000,11111,01011
magna international,Automotive,North America,00000,00011,11100,00011,00101
magnit,Retail,Europe,--0-0,--0-1,--0-0,--0-1,--0-0
manulife financial,Financial services,North America,00---,00---,00---,11---,0-1---
mapfre group,Financial services,Europe,0--00,0--00,1--11,0--00,0--01
marathon petroleum,Oil and gas,North America,00000,00000,00000,00000,00000
marubeni,Financial services,Asia,00000,00000,00000,11111,00010
massachusetts mutual life insurance,Financial services,North America,-0000,-0000,-0000,-1111,-1001
mazda motor,Automotive,Asia,0--00,0--00,0--11,0--00,0--01
mckesson,Health care and pharmaceuticals,North America,00000,00111,01000,00000,00000
medipal holdings,Retail,Asia,00---,00---,00---,00---,00---
medtronic,Health care and pharmaceuticals,Europe,000-0,000-1,110-0,011-1,010-1
meiji yasuda life insurance,Financial services,Asia,00000,00000,00000,11111,00010
meituan,Retail,Asia,--000,--000,--000,--000,--000
mercadona,Retail,Europe,-0-00,-0-00,-0-00,-0-00,-0-00
merck,Health care and pharmaceuticals,North America,00000,01111,11110,00001,01011
metlife,Financial services,North America,00000,00000,11000,01111,01111
metro,"Food, beverages and agriculture",Europe,00000,11110,11111,00000,00000
microsoft,Technology,North America,11111,11111,11011,11100,00111
midea group,Technology,Asia,00000,00000,00000,00000,0-1000
migros group,Retail,Europe,00000,01111,01000,01111,01111
mitsubishi,Financial services,Asia,0-000,0-000,0-000,0-111,0-011
mitsubishi chemical holdings,Chemicals,Asia,000--,000--,011--,000--,010--
mitsubishi corp,Financial services,Asia,-0---,-0---,-0---,-1---,-0---
mitsubishi electric,Technology,Asia,00000,11111,00000,11111,00000
mitsubishi heavy industries,Industrial goods,Asia,00000,00000,00100,01011,01000
mitsubishi ufj financial group,Financial services,Asia,00000,00000,10100,11011,00111
mitsui,Financial services,Asia,00000,01000,10000,11101,01001
mizuho financial group,Financial services,Asia,00000,00000,11000,01111,001-1-1
molina healthcare,Health care and pharmaceuticals,North America,--000,--000,--000,--000,--000
mondelez international,"Food, beverages and agriculture",North America,00000,11111,00000,01111,00000
morgan stanley,Financial services,North America,11110,00000,11000,11111,0-1111
ms&ad insurance group holdings,Financial services,Asia,00000,00000,00000,11111,00000
munich re group,Financial services,Europe,00000,00000,11000,11111,01111
national australia bank,Financial services,Other,---11,---00,---00,---11,---11
nationwide,Financial services,North America,00000,00000,00000,00111,00111
naturgy energy group,Energy and utilities,Europe,--0--,--0--,--1--,--0--,--1--
natwest group,Financial services,Europe,----1,----1,----0,----1,----1
nec,"Food, beverages and agriculture",Asia,1----,1----,1----,0----,0----
nestle,"Food, beverages and agriculture",Europe,---1-,---1-,---0-,---1-,---1-
nestlé,"Food, beverages and agriculture",Europe,111-1,111-1,000-0,111-1,000--1
netflix,Telecommunications and media,North America,01000,11111,00000,11111,01011
new hope holding group,"Food, beverages and agriculture",Asia,00000,00000,00001,00000,0-1000
new york life insurance,Financial services,North America,00000,00000,00000,00110,00010
nike,Retail,North America,11111,11111,00000,00110,00010
nippon life insurance,Financial services,Asia,00011,00000,10000,01111,00000
nippon steel,Metals and mining,Asia,----0,----0,----1,----0,----1
nippon steel corporation,Metals and mining,Asia,0000-,0000-,1111-,0000-,0011-
nippon telegraph and telephone,Telecommunications and media,Asia,0000-,0010-,0111-,0000-,0010-
nissan motor,Automotive,Asia,00000,11111,11111,00000,00111
nokia,Aerospace and defense,Europe,0----,1----,0----,0----,0----
northrop grumman,Aerospace and defense,North America,00000,00000,00000,01111,01001
northwestern mutual,Financial services,North America,00000,00000,00000,00000,00000
novartis,Health care and pharmaceuticals,Europe,11111,11111,11000,11111,00111
novo nordisk,Health care and pharmaceuticals,Europe,---11,---10,---00,---11,---01
nrg energy,Energy and utilities,North America,--0--,--1--,--0--,--1--,--0--
ntt,Telecommunications and media,Asia,----0,----1,----0,----1,----1
nucor,Metals and mining,North America,-000-,-000-,-000-,-001-,-101-
nutrien,"Food, beverages and agriculture",North America,--0--,--0--,--0--,--0--,--0--
nvidia,Technology,North America,---00,---01,---00,---00,---00
occidental petroleum,Energy and utilities,North America,--0--,--0--,--0--,--1--,--0--
oil & natural gas,Metals and mining,Asia,00000,00000,01000,00101,01001
omv group,Oil and gas,Europe,-0000,-0000,-0000,-1111,-0011
oracle,Technology,North America,00000,00000,01000,01111,01000
orange,Telecommunications and media,Europe,00000,11111,00000,11111,01011
orlen,Oil and gas,Europe,---00,---00,---00,---11,---00
paccar,Engineering and construction,North America,---00,---11,---00,---00,---00
pacific construction group,Engineering and construction,Asia,00000,00000,00000,00001,00001
panasonic,Technology,Asia,1----,1----,0----,1----,0----
panasonic holdings,Technology,Asia,-1111,-1111,-1000,-0111,-0011
pbf energy,Oil and gas,North America,--000,--000,--110,--000,--000
pdd holdings,Retail,Asia,---00,---00,---00,---00,---00
pegatron,Technology,Asia,00000,00001,00000,00011,00000
pemex,Metals and mining,Other,00000,00000,00000,00011,00011
people's insurance co. of china,Financial services,Asia,00000,00000,00000,00000,00000
pepsico,"Food, beverages and agriculture",North America,11111,11111,00000,11111,01011
performance food group,"Food, beverages and agriculture",North America,00000,00000,00000,00010,00000
pertamina,Oil and gas,Asia,00000,00000,00000,00101,00000
perusahaan listrik negara,Energy and utilities,Asia,----0,----0,----0,----1,----1
petrobras,Oil and gas,Other,00000,00000,00110,01001,00111
petronas,Energy and utilities,Asia,00000,00000,00000,11111,00000
pfizer,Health care and pharmaceuticals,North America,00111,11111,11000,01111,00111
philip morris international,Household and personal products,North America,00000,11111,11000,11111,01111
phillips 66,Oil and gas,North America,00000,00000,00000,00000,00000
phoenix group holdings,Financial services,Europe,00---,00---,10---,11---,01---
phoenix pharma,Health care and pharmaceuticals,Europe,00000,00000,00101,01010,00111
ping an insurance,Financial services,Asia,00000,00000,01111,00000,01110
pkn orlen group,Energy and utilities,Other,-00--,-00--,-01--,-10--,-00--
plains gp holdings,Energy and utilities,North America,-0000,-0000,-0000,-0000,-0000
pnc financial services group,Financial services,North America,----0,----0,----0,----0,----1
posco,Industrial goods,Asia,000--,000--,110--,001--,000--
posco holdings,Metals and mining,Asia,---00,---00,---10,---01,---01
poste italiane,Financial services,Europe,000--,000--,011--,100--,011--
power corp. of canada,Financial services,North America,0000-,0000-,0000-,0010-,0000-
powerchina,Engineering and construction,Asia,00000,00000,00000,00000,00000
procter & gamble,Household and personal products,North America,11110,11111,11000,01111,01111
progressive,Financial services,North America,00000,00000,00001,00110,00110
prudential,Financial services,Europe,1----,0----,0----,0----,0----
prudential financial,Financial services,North America,00000,00000,10000,10111,00-111
ptt,Oil and gas,Asia,00000,00000,00000,01111,00011
publix super markets,Retail,North America,00000,00000,00000,00000,0-1000
qnb group,Financial services,Other,----0,----0,----0,----0,----0
qualcomm,Technology,North America,-0000,-0111,-0000,-1111,--1011
quanta computer,Technology,Asia,00000,00001,00110,00001,00000
rabobank group,Financial services,Europe,---00,---00,---00,---00,---00
raizen,Oil and gas,Other,---00,---00,---00,---00,---00
rajesh exports,Financial services,Asia,0000-,0000-,0000-,0000-,0-100-
randstad,Financial services,Europe,-0---,-0---,-0---,-1---,-0---
raízen,Energy and utilities,Other,-00--,-00--,-00--,-00--,-00--
reliance industries,Oil and gas,Asia,00000,00000,00000,10111,00001
renault,Automotive,Europe,00000,11111,11101,00010,00010
repsol,Oil and gas,Europe,00000,00000,00000,11111,01011
rewe group,Retail,Europe,----0,----0,----0,----1,----1
rio tinto group,Metals and mining,Europe,00000,00000,00000,11111,00001
rite aid,Health care and pharmaceuticals,North America,0----,0----,0----,0----,0----
roche group,Health care and pharmaceuticals,Europe,00000,00001,00000,11111,000-10
rosneft oil,Oil and gas,Europe,00-00,00-00,00-11,01-00,00-10
royal ahold delhaize,Retail,Europe,00000,11111,00000,11111,00001
royal bank of canada,Financial services,North America,00000,00000,11000,11111,00111
rwe,Energy and utilities,Europe,-00--,-11--,-11--,-00--,-00--
s.f. holding,Transportation and logistics,Asia,-0000,-0001,-0000,-0001,-1001
saic motor,Automotive,Asia,00000,00000,00001,00000,00000
saint-gobain,Industrial goods,Europe,00000,11111,10000,01111,00001
salesforce,Technology,North America,--000,--011,--000,--111,--011
samsung c&t,Financial services,Asia,0000-,0000-,0011-,0000-,0001-
samsung electronics,Technology,Asia,00111,00000,00000,00111,01001
samsung life insurance,Financial services,Asia,001--,000--,011--,000--,0-11--
sanofi,Health care and pharmaceuticals,Europe,11111,11111,11000,01111,00111
sap,Technology,Europe,10111,11111,11000,01111,01111
saudi aramco,Metals and mining,Other,00000,00000,00000,01111,01011
sberbank,Financial services,Europe,00000,00000,11111,00000,0-1011
schlumberger,Oil and gas,North America,---00,---00,---00,---11,---10
schneider electric,Technology,Europe,11111,11111,11000,01111,01111
seven & i holdings,Retail,Asia,11111,00000,00100,11011,00000
shaanxi coal & chemical industry,Metals and mining,Asia,00000,00000,00001,00000,00100
shaanxi construction engineering holding,Engineering and Construction,Asia,--00-,--00-,--00-,--00-,--00-
shaanxi yanchang petroleum (group),Metals and mining,Asia,00000,00000,00000,00000,00000
shandong energy group,Metals and mining,Asia,00000,00000,00000,00000,00000
shandong gold group,Metals and mining,Asia,----0,----0,----0,----0,----0
shandong hi-speed group,Transportation and logistics,Asia,-0000,-0000,-0000,-0000,-0001
shandong weiqiao pioneering group,Household and personal products,Asia,00000,00000,00001,00010,00000
shanghai construction group,Engineering and construction,Asia,00000,00000,00000,00000,00000
shanghai delong steel group,Metals and mining,Asia,-0000,-0000,-0000,-0000,-0000
shanghai pharmaceuticals holding,Health care and pharmaceuticals,Asia,00000,00000,00000,00000,00000
shanghai pudong development bank,Financial services,Asia,00000,00000,00000,00000,00000
shanxi coking coal group,Metals and mining,Asia,0000-,0000-,0000-,0000-,0000-
shenghong holding group,Chemicals,Asia,00000,00000,00000,00000,00000
shenzhen investment holdings,Financial services,Asia,00000,00000,00000,00000,00000
shougang group,Metals and mining,Asia,0000-,0000-,0000-,0000-,0000-
shudao investment group,Engineering and construction,Asia,-0000,-0000,-0000,-0000,-0000
siemens,Industrial goods,Europe,11110,11111,11000,01111,00011
siemens energy,Energy and utilities,Europe,00000,01111,11101,01010,01100
sinochem,Industrial goods,Asia,0----,0----,0----,0----,0----
sinochem holdings,Chemicals,Asia,-000-,-000-,-000-,-000-,-000-
sinomach,Industrial goods,Asia,00000,00000,00000,00000,00000
sinopec group,Oil and gas,Asia,00000,00000,10001,00000,0-1001
sinopharm,Health care and pharmaceuticals,Asia,00000,00000,00000,00000,00000
sk,Oil and gas,Asia,1--01,0--00,0--10,1--01,0--11
sk group,Energy and utilities,Asia,-00--,-00--,-00--,-11--,-10--
sk hynix,Technology,Asia,111-1,000-0,000-0,011-1,000-1
sncf group,Transportation and logistics,Europe,00000,10101,11100,00010,01001
societe generale,Financial services,Europe,---00,---00,---11,---00,---10
société générale,Financial services,Europe,000--,000--,111--,000--,000--
softbank group,Telecommunications and media,Asia,00011,11111,11100,00011,00011
sompo holdings,Financial services,Asia,00000,00000,00000,11111,00011
sony,Technology,Asia,11111,11111,01000,10111,00101
st. james's place,Financial services,Europe,----0,----0,----0,----1,----1
standard chartered,Financial services,Europe,---11,---00,---00,---11,---11
starbucks,"Food, beverages and agriculture",North America,-1111,-1111,-0000,-0011,-000-1
state bank of india,Financial services,Asia,00000,00000,11101,00010,0-1110
state farm insurance,Financial services,North America,00000,00000,00000,00000,00000
state grid,Energy and utilities,Asia,00000,00000,00000,00000,00000
state power investment,Energy and utilities,Asia,00000,00000,01000,00000,00000
stellantis,Automotive,Europe,-0000,-0000,-0000,-1111,--1011
stonex group,Financial services,North America,00000,00000,00000,00001,00001
subaru,Automotive,Asia,0--0-,0--0-,1--1-,0--0-,0--1-
sumitomo,Financial services,Asia,00000,00000,11111,00000,00111
sumitomo electric industries,Automotive,Asia,00---,11---,11---,00---,00---
sumitomo life insurance,Financial services,Asia,000-0,000-0,000-0,111-1,000-1
sumitomo mitsui financial group,Financial services,Asia,00000,00000,00000,11111,01011
sun life financial,Real estate,North America,0----,0----,1----,0----,0----
sunac china holdings,Retail,Asia,0----,0----,0----,0----,0----
suncor energy,Oil and gas,North America,-0000,-0000,-0000,-1101,-0001
suning.com group,Automotive,Asia,0----,0----,0----,0----,0----
susun construction group,Engineering and construction,Asia,-0000,-0000,-0000,-0000,-0000
suzuki motor,Automotive,Asia,00000,00000,00111,01000,0-1001
swiss re,Financial services,Europe,11111,00000,11000,11111,01111
sysco,"Food, beverages and agriculture",North America,00000,00111,00000,00000,00001
taikang insurance group,Financial services,Asia,00000,00000,00000,00000,00000
taiwan semiconductor manufacturing,Technology,Asia,11100,00000,00000,10111,00001
takeda pharmaceutical,Health care and pharmaceuticals,Asia,00---,11---,11---,11---,01---
talanx,Financial services,Europe,00000,00000,10000,01111,01111
target,Retail,North America,11111,11111,00000,11111,00010
tata motors,Automotive,Asia,11111,01000,00000,10101,01000
tata steel,Metals and mining,Asia,-0---,-0---,-0---,-0---,-0---
telefonica,Telecommunications and media,Europe,11111,11111,00000,11111,01011
tencent holdings,Retail,Asia,00000,00111,01010,00101,01110
tesco,Retail,Europe,11111,11111,00000,11111,00011
tesla,Automotive,North America,00000,00000,00000,00000,00000
thermo fisher scientific,Health care and pharmaceuticals,North America,00000,00111,00000,11111,0-101-1
thyssenkrupp,Metals and mining,Europe,00000,11111,11110,00001,00000
tiaa,Financial services,North America,00000,00000,00000,01111,00011
tjx,Retail,North America,00000,00000,00000,01111,01011
tokio marine holdings,Financial services,Asia,00000,00000,11000,01111,00111
tokyo electric power,Energy and utilities,Asia,00000,00000,01001,00100,00001
tongling nonferrous metals group,Metals and mining,Asia,00000,00000,00000,00000,00000
tongwei group,Energy and utilities,Asia,--001,--000,--111,--000,--111
toronto-dominion bank,Financial services,North America,01111,00000,11000,11111,01111
toshiba,Industrial goods,Asia,00---,11---,00---,01---,01---
totalenergies,Oil and gas,Europe,00000,00000,00010,11101,00011
toyota motor,Automotive,Asia,00000,00111,11111,00000,01110
toyota tsusho,Financial services,Asia,00000,00001,11100,00011,00010
trafigura group,Financial services,Asia,00000,00000,00111,00000,01111
travelers,Financial services,North America,00000,00000,11111,00000,00010
truist financial,Financial services,North America,0--0-,0--0-,0--0-,0--1-,0--0-
tsingshan holding group,Metals and mining,Asia,00000,00000,00000,00000,00000
tyson foods,"Food, beverages and agriculture",North America,00000,11111,00000,11111,00001
u.s. bancorp,Financial services,North America,0--00,0--00,0--00,0--11,0--10
u.s. postal service,Transportation and logistics,North America,00000,00000,00000,00000,00000
uber technologies,Retail,North America,--000,--011,--000,--111,--001
ubs group,Financial services,Europe,11111,00000,11000,11111,01011
umicore,Chemicals,Other,-0---,-0---,-0---,-1---,-0---
unicredit group,Financial services,Europe,0--00,0--00,0--00,0--11,0--10
unilever,Household and personal products,Europe,11111,11111,00000,11111,0-10-1-1
uniper,Energy and utilities,Europe,--000,--000,--111,--000,--111
united airlines holdings,Transportation and logistics,North America,--000,--011,--000,--111,--0-1-1
united natural foods,Transportation and logistics,North America,0----,0----,0----,0----,0----
united parcel service,Transportation and logistics,North America,00000,00000,11111,00000,0111-1
unitedhealth group,Health care and pharmaceuticals,North America,00000,00001,00000,01111,01010
us foods holding,"Food, beverages and agriculture",North America,-0000,-0111,-0000,-0000,-0000
usaa,Financial services,North America,00000,00000,00000,00000,00000
vale,Metals and mining,Other,00000,00000,10000,01111,01001
valero energy,Oil and gas,North America,00000,00000,11111,00000,00011
veolia environnement,Energy and utilities,Europe,00000,11111,00000,01111,01011
verizon communications,Telecommunications and media,North America,00011,11110,10000,01111,0-1000
vibra energia,Oil and gas,Other,--00-,--00-,--11-,--00-,--11-
vinci,Engineering and construction,Europe,00000,01111,11110,00001,00111
visa,Financial services,North America,---11,---11,---10,---01,---11
vodafone group,Telecommunications and media,Europe,11111,11111,00000,11111,0-1000
volkswagen,Automotive,Europe,00000,11111,11111,00000,01011
volvo,Engineering and construction,Europe,00000,11111,11010,11101,00001
vtb bank,Financial services,Europe,---00,---00,---01,---00,---00
walgreens boots alliance,Health care and pharmaceuticals,North America,00000,00000,01000,00010,00000
walmart,Retail,North America,11111,11111,00000,11111,0-10-1-1
walt disney,Telecommunications and media,North America,00000,00011,00000,11111,01011
warner bros. discovery,Telecommunications and media,North America,--000,--000,--000,--001,--001
weichai power,Industrial goods,Asia,00---,00---,00---,00---,00---
wells fargo,Financial services,North America,11000,00000,11000,11110,01111
westpac banking,Financial services,Other,----0,----0,----0,----1,----1
wh group,"Food, beverages and agriculture",Asia,0----,0----,0----,0----,0----
wilmar international,"Food, beverages and agriculture",Asia,00000,00001,00000,00001,00000
wistron,Technology,Asia,000-0,000-1,001-0,000-1,000-1
woolworths group,Retail,Other,01111,11111,00000,11111,00011
world fuel services,Energy and utilities,North America,-0---,-0---,-1---,-0---,-1---
world kinect,Energy and utilities,North America,--000,--000,--100,--001,--101
wuchan zhongda group,Financial services,Asia,00000,00000,00000,00000,00000
x5 retail group,Retail,Europe,00000,00000,11101,00000,00000
xiamen c&d,Financial services,Asia,00000,00000,00000,00000,00000
xiamen itg holding group,Financial services,Asia,00000,00000,00000,00000,00000
xiaomi,Retail,Asia,00000,00000,00011,00000,00010
xinjiang guanghui industry investment,Retail,Asia,000--,000--,000--,000--,000--
xinjiang zhongtai group,Chemicals,Asia,-00--,-00--,-00--,-00--,-00--
xmxyg,Financial services,Asia,00000,00000,00000,00000,00000
yango longking group,Financial services,Asia,0----,0----,0----,0----,0----
yunnan provincial investment holding group,Financial services,Asia,00---,00---,00---,00---,00---
zf friedrichshafen,Automotive,Europe,00000,01111,11011,00100,0-1000
zhejiang communications investment group,Transportation and logistics,Asia,00000,00000,00000,00000,00000
zhejiang geely holding group,Automotive,Asia,00000,00000,01111,00000,00000
zhejiang hengyi group,Chemicals,Asia,00000,00000,00000,00000,00000
zhejiang rongsheng holding group,Chemicals,Asia,00000,00000,00000,00000,00000
zijin mining group,Metals and mining,Asia,00000,00000,01111,00000,00111
zurich insurance group,Financial services,Europe,11111,00000,11000,11111,01111
