2024,,,,2025,,,
Company name,Sector (final classification),Region,NZ,Company name,Sector (final classification),Region,NZ
3M,Chemicals,North America,,Walmart,Retail,North America,1
ABB,Industrial goods,Europe,1,Amazon,Retail,North America,1
Abbott Laboratories,Health care and pharmaceuticals,North America,,State Grid,Energy and utilities,Asia,0
AbbVie,Health care and pharmaceuticals,North America,1,Saudi Aramco,Metals and mining,Other,1
Accenture,Financial services,Europe,1,China National Petroleum,Oil and gas,Asia,1
ACS,Engineering and construction,Europe,,Sinopec Group,Oil and gas,Asia,0
AEON,Retail,Asia,1,UnitedHealth Group,Health care and pharmaceuticals,North America,1
Agricultural Bank of China,Financial services,Asia,,Apple,Technology,North America,0
AIA Group,Financial services,Asia,1,CVS Health,Health care and pharmaceuticals,North America,1
AIG,Financial services,North America,1,Berkshire Hathaway,Financial services,North America,0
Air France-KLM Group,Transportation and logistics,Europe,1,McKesson,Health care and pharmaceuticals,North America,0
Airbus,Aerospace and defense,Europe,1,Volkswagen,Automotive,Europe,0
Aisin,Automotive,Asia,,Alphabet,Retail,North America,1
Albertsons,Retail,North America,1,Exxon Mobil,Oil and gas,North America,1
Alibaba Group Holding,Retail,Asia,,Toyota Motor,Automotive,Asia,0
Alimentation Couche-Tard,Retail,North America,,China State Construction Engineering,Engineering and construction,Asia,0
Allianz,Financial services,Europe,1,Cencora,Health care and pharmaceuticals,North America,0
Allstate,Financial services,North America,1,Shell,Oil and gas,Europe,1
Alphabet,Technology,North America,1,JPMorgan Chase,Financial services,North America,1
Aluminum Corp. of China,Metals and mining,Asia,,Costco Wholesale,Retail,North America,0
Amazon,Retail,North America,1,Cigna,Health care and pharmaceuticals,North America,0
America Movil,Telecommunications and media,North America,,Microsoft,Technology,North America,0
American Airlines Group,Transportation and Logistics,North America,1,Trafigura Group,Financial services,Asia,0
American Express,Financial services,North America,1,Glencore,Metals and mining,Europe,1
Anheuser-Busch InBev,"Food, beverages and agriculture",Europe,1,Cardinal Health,Health care and pharmaceuticals,North America,0
Ansteel Group,Metals and mining,Asia,,Industrial & Commercial Bank of China,Financial services,Asia,0
ANZ Group Holdings,Financial services,Other,1,Samsung Electronics,Technology,Asia,1
Apollo Global Management,Financial services,North America,,Hon Hai Precision Industry,Technology,Asia,1
Apple,Technology,North America,,Chevron,Oil and gas,North America,1
ArcelorMittal,Metals and mining,Europe,1,Agricultural Bank of China,Financial services,Asia,0
Archer Daniels Midland,"Food, beverages and agriculture",North America,,China Construction Bank,Financial services,Asia,0
Arrow Electronics,Retail,North America,,TotalEnergies,Oil and gas,Europe,1
Assicurazioni Generali,Financial services,Europe,1,BP,Oil and gas,Europe,1
AstraZeneca,Health care and pharmaceuticals,Europe,1,Bank of America,Financial services,North America,1
AT&T,Telecommunications and media,North America,,General Motors,Automotive,North America,0
Aviation Industry Corp. of China,Aerospace and defense,Asia,1,Ford Motor,Automotive,North America,0
AXA,Financial services,Europe,1,Elevance Health,Health care and pharmaceuticals,North America,1
Banco Bilbao Vizcaya Argentaria,Financial services,Europe,1,Bank of China,Financial services,Asia,0
Banco Bradesco,Financial services,Other,1,Citigroup,Financial services,North America,1
Banco do Brasil,Financial services,Other,,Stellantis,Automotive,Europe,1
Banco Santander,Financial services,Europe,1,Meta Platforms,Retail,North America,1
Bank of America,Financial services,North America,1,Centene,Health care and pharmaceuticals,North America,0
Bank of China,Financial services,Asia,,China Railway Engineering Group,Engineering and construction,Asia,0
Bank of Communications,Financial services,Asia,,JD.com,Retail,Asia,0
Bank of Montreal,Financial services,North America,1,China Life Insurance,Financial services,Asia,0
Bank of New York Mellon,Financial services,North America,,Home Depot,Retail,North America,0
Bank of Nova Scotia,Financial services,North America,1,Ping An Insurance,Financial services,Asia,0
Barclays,Financial services,Europe,1,Mercedes-Benz Group,Automotive,Europe,0
BASF,Chemicals,Europe,1,BMW Group,Automotive,Europe,1
Bayer,Health care and pharmaceuticals,Europe,1,Fannie Mae,Financial services,North America,0
Beijing Automotive Group,Automotive,Asia,,China Railway Construction,Engineering and construction,Asia,0
Beijing Jianlong Heavy Industry Group,Metals and mining,Asia,,Walgreens Boots Alliance,Health care and pharmaceuticals,North America,0
Berkshire Hathaway,Financial services,North America,,Kroger,Retail,North America,0
Best Buy,Retail,North America,1,BNP Paribas,Financial services,Europe,0
Bharat Petroleum,Oil and gas,Asia,1,Banco Santander,Financial services,Europe,1
BHP Group,Metals and mining,Other,1,HSBC Holdings,Financial services,Europe,1
BMW Group,Automotive,Europe,1,Phillips 66,Oil and gas,North America,0
BNP Paribas,Financial services,Europe,,China Mobile Communications,Telecommunications and media,Asia,0
Boeing,Aerospace and defense,North America,,Honda Motor,Automotive,Asia,0
Bosch Group,Automotive,Europe,,Marathon Petroleum,Oil and gas,North America,0
Bouygues,Engineering and construction,Europe,,China Communications Construction,Engineering and construction,Asia,0
BP,Oil and gas,Europe,1,CITIC Group,Financial services,Asia,0
Bristol-Myers Squibb,Health care and pharmaceuticals,North America,1,Alibaba Group Holding,Retail,Asia,0
British American Tobacco,"Food, beverages and agriculture",Europe,1,Verizon Communications,Telecommunications and media,North America,1
Broadcom,Technology,North America,,China National Offshore Oil,Metals and mining,Asia,0
Brookfield,Financial services,North America,1,Nvidia,Technology,North America,0
Bunge,"Food, beverages and agriculture",North America,,China Resources,Financial services,Asia,0
BYD,Automotive,Asia,,Hyundai Motor,Automotive,Asia,0
Caixa Economica Federal,Financial services,Other,,Electricite de France,Energy and utilities,Europe,1
Canadian Imperial Bank of Commerce,Financial services,North America,1,Goldman Sachs Group,Financial services,North America,1
Capital One Financial,Financial services,North America,,Wells Fargo,Financial services,North America,0
Cardinal Health,Retail,North America,,Deutsche Telekom,Telecommunications and media,Europe,1
Carrefour,Retail,Europe,,China Baowu Steel Group,Metals and mining,Asia,0
Caterpillar,Industrial goods,North America,,Valero Energy,Oil and gas,North America,0
Cencora,Retail,North America,,Comcast,Telecommunications and media,North America,0
Cenovus Energy,Metals and mining,North America,1,Allianz,Financial services,Europe,1
Centene,Health care and pharmaceuticals,North America,,State Farm Insurance,Financial services,North America,0
Centrica,Energy and utilities,Europe,1,AT&T,Telecommunications and media,North America,1
CFE,Industrial goods,North America,,Mitsubishi,Financial services,Asia,1
Charter Communications,Telecommunications and media,North America,,Freddie Mac,Financial services,North America,0
Chery Holding Group,Automotive,Asia,,Hengli Group,Household and personal products,Asia,0
Chevron,Oil and gas,North America,1,Shandong Energy Group,Metals and mining,Asia,0
China Baowu Steel Group,Metals and mining,Asia,,Huawei Investment & Holding,Technology,Asia,0
China Communications Construction,Engineering and construction,Asia,,China Southern Power Grid,Energy and utilities,Asia,0
China Construction Bank,Financial services,Asia,,Humana,Health care and pharmaceuticals,North America,0
China Datang,Energy and utilities,Asia,,China Minmetals,Metals and mining,Asia,0
China Electronics,Industrial goods,Asia,,Gazprom,Energy and utilities,Europe,0
China Electronics Technology Group,Aerospace and defense,Asia,,Reliance Industries,Oil and gas,Asia,1
China Energy Engineering Group,Engineering and construction,Asia,,Societe Generale,Financial services,Europe,0
China Energy Investment,Metals and mining,Asia,,Rosneft Oil,Oil and gas,Europe,0
China FAW Group,Automotive,Asia,,BYD,Automotive,Asia,0
China Huadian,Energy and utilities,Asia,,China Energy Investment,Energy and utilities,Asia,0
China Huaneng Group,Energy and utilities,Asia,,Morgan Stanley,Financial services,North America,1
China Life Insurance,Financial services,Asia,,Target,Retail,North America,1
China Merchants Bank,Financial services,Asia,,Life Insurance Corp. of India,Financial services,Asia,0
China Minmetals,Metals and mining,Asia,,Equinor,Oil and gas,Europe,1
China Minsheng Banking,Financial services,Asia,,Nestlé,"Food, beverages and agriculture",Europe,1
China Mobile Communications,Telecommunications and media,Asia,,Xiamen C&D,Financial services,Asia,0
China National Aviation Fuel Group,Oil and gas,Asia,,StoneX Group,Financial services,North America,1
China National Building Material Group,Industrial goods,Asia,1,PowerChina,Engineering and construction,Asia,0
China National Coal Group,Metals and mining,Asia,,Royal Bank of Canada,Financial services,North America,1
China National Nuclear,Energy and utilities,Asia,,Sberbank,Financial services,Europe,0
China National Offshore Oil,Metals and mining,Asia,,AXA,Financial services,Europe,1
China National Petroleum,Oil and gas,Asia,,ENI,Oil and gas,Europe,1
China North Industries Group,Aerospace and defense,Asia,,Bosch Group,Automotive,Europe,0
China Pacific Insurance (Group),Financial services,Asia,,Tesla,Automotive,North America,0
China Poly Group,Real estate,Asia,,China Post Group,Transportation and logistics,Asia,0
China Post Group,Transportation and logistics,Asia,,Royal Ahold Delhaize,Retail,Europe,1
China Railway Construction,Engineering and construction,Asia,,Itochu,Financial services,Asia,1
China Railway Engineering Group,Engineering and construction,Asia,,Mitsui,Financial services,Asia,1
China Resources,Health care and pharmaceuticals,Asia,,Dell Technologies,Technology,North America,1
China South Industries Group,Aerospace and defense,Asia,,REWE Group,Retail,Europe,1
China Southern Power Grid,Energy and utilities,Asia,,Carrefour,Retail,Europe,0
China State Construction Engineering,Engineering and construction,Asia,,SK,Oil and gas,Asia,1
China State Shipbuilding,Transportation and logistics,Asia,,PepsiCo,"Food, beverages and agriculture",North America,1
China Telecommunications,Telecommunications and media,Asia,,Tencent Holdings,Retail,Asia,1
China United Network Communications,Telecommunications and media,Asia,,Christian Dior,Retail,Europe,0
China Vanke,Real estate,Asia,,Zhejiang Rongsheng Holding Group,Chemicals,Asia,0
Christian Dior,Household and personal products,Europe,,Sinopharm,Health care and pharmaceuticals,Asia,0
CHS,"Food, beverages and agriculture",North America,,Petrobras,Oil and gas,Other,1
Chubb,Financial services,Europe,,Pemex,Metals and mining,Other,1
Cigna,Health care and pharmaceuticals,North America,,Walt Disney,Telecommunications and media,North America,1
Cisco Systems,Telecommunications and media,North America,1,United Parcel Service,Transportation and logistics,North America,0
CITIC Group,Financial services,Asia,,DHL Group,Transportation and logistics,Europe,1
Citigroup,Financial services,North America,1,Credit Agricole,Financial services,Europe,1
CK Hutchison Holdings,Retail,Asia,1,Taiwan Semiconductor Manufacturing,Technology,Asia,1
Coca-Cola,"Food, beverages and agriculture",North America,1,Indian Oil,Oil and gas,Asia,1
COFCO,Financial services,Asia,,NTT,Telecommunications and media,Asia,1
Comcast,Telecommunications and media,North America,,Tesco,Retail,Europe,1
Commonwealth Bank of Australia,Financial services,Other,1,Mitsubishi UFJ Financial Group,Financial services,Asia,1
Compass Group,"Food, beverages and agriculture",Europe,1,Johnson & Johnson,Health care and pharmaceuticals,North America,1
ConocoPhillips,Metals and mining,North America,1,Toronto-Dominion Bank,Financial services,North America,1
Contemporary Amperex Technology,Automotive,Asia,,COFCO,Financial services,Asia,0
Continental,Automotive,Europe,,China Telecommunications,Telecommunications and media,Asia,0
Coop Group,Retail,Europe,1,FedEx,Transportation and logistics,North America,0
COSCO Shipping,Transportation and logistics,Asia,1,PTT,Oil and gas,Asia,1
Costco Wholesale,Retail,North America,,Banco Bilbao Vizcaya Argentaria,Financial services,Europe,1
CPC,Oil and gas,Asia,1,SAIC Motor,Automotive,Asia,0
Credit Agricole,Financial services,Europe,,UBS Group,Financial services,Europe,1
Credit Mutuel Group,Financial services,Europe,1,E.ON,Energy and utilities,Europe,0
CRH,Industrial goods,Europe,1,People's Insurance Co. of China,Financial services,Asia,0
CRRC Group,Industrial goods,Asia,,Brookfield,Financial services,North America,1
Cummins,Industrial goods,North America,1,Archer Daniels Midland,"Food, beverages and agriculture",North America,0
CVS Health,Health care and pharmaceuticals,North America,1,Siemens,Industrial goods,Europe,1
D.R. Horton,Engineering and Construction,North America,,Enel,Energy and utilities,Europe,1
Dai-ichi Life Holdings,Financial services,Asia,1,Sony,Technology,Asia,1
Daimler Truck Holding,Automotive,Europe,,Procter & Gamble,Household and personal products,North America,1
Daiwa House Industry,Engineering and construction,Asia,1,Lowe's,Retail,North America,1
Deere,Industrial goods,North America,,Wuchan Zhongda Group,Financial services,Asia,0
Dell Technologies,Technology,North America,1,Nissan Motor,Automotive,Asia,0
Delta Air Lines,Transportation and Logistics,North America,1,Energy Transfer,Energy and utilities,North America,0
Denso,Automotive,Asia,,Groupe BPCE,Financial services,Europe,1
Deutsche Bahn,Transportation and logistics,Europe,,RTX,Aerospace and defense,North America,0
Deutsche Bank,Financial services,Europe,1,Albertsons,Retail,North America,1
Deutsche Telekom,Telecommunications and media,Europe,1,Zhejiang Geely Holding Group,Automotive,Asia,0
DHL Group,Transportation and logistics,Europe,1,Engie,Energy and utilities,Europe,1
Dollar General,Retail,North America,,U.S. Postal Service,Transportation and logistics,North America,0
Dongfeng Motor,Automotive,Asia,,Sysco,"Food, beverages and agriculture",North America,0
Dow,Chemicals,North America,,Kia,Automotive,Asia,0
DZ Bank,Financial services,Europe,,Vinci,Engineering and construction,Europe,1
E.ON,Energy and utilities,Europe,,Shenghong Holding Group,Chemicals,Asia,0
Ecopetrol,Oil and gas,Other,1,Seven & I Holdings,Retail,Asia,1
Edeka Zentrale,Retail,Europe,1,State Bank of India,Financial services,Asia,0
Electricite de France,Energy and utilities,Europe,1,China FAW Group,Automotive,Asia,0
Elevance Health,Health care and pharmaceuticals,North America,1,Jiangxi Copper,Metals and mining,Asia,0
Eli Lilly,Health care and pharmaceuticals,North America,,Shandong Weiqiao Pioneering Group,Household and personal products,Asia,0
ELO Group,Retail,Europe,,JBS,"Food, beverages and agriculture",Europe,1
Emirates Group,Transportation and logistics,Asia,,Bank of Communications,Financial services,Asia,0
Enbridge,Oil and gas,North America,1,Progressive,Financial services,North America,0
Enel,Energy and utilities,Europe,1,Pacific Construction Group,Engineering and construction,Asia,1
ENEOS Holdings,Oil and gas,Asia,,Pertamina,Oil and gas,Asia,1
Energie Baden-Wurttemberg,Energy and utilities,Europe,,Uniper,Energy and utilities,Europe,0
Energy Transfer,Oil and gas,North America,,Japan Post Holdings,Financial services,Asia,0
Engie,Energy and utilities,Europe,1,Airbus,Aerospace and defense,Europe,0
ENI,Oil and gas,Europe,1,American Express,Financial services,North America,1
Enterprise Products Partners,Oil and gas,North America,,Orlen,Oil and gas,Europe,1
Equinor,Oil and gas,Europe,1,Deutsche Bank,Financial services,Europe,1
EXOR Group,Financial services,Europe,1,Shaanxi Coal & Chemical Industry,Metals and mining,Asia,0
Exxon Mobil,Oil and gas,North America,1,Lloyds Banking Group,Financial services,Europe,1
Fairfax Financial Holdings,Financial services,North America,,ENEOS Holdings,Oil and gas,Asia,0
Fannie Mae,Financial services,North America,,Oil & Natural Gas,Metals and mining,Asia,1
FedEx,Transportation and logistics,North America,,Lukoil,Oil and gas,Europe,0
Fomento Economico Mexicano,"Food, beverages and agriculture",North America,,Nippon Life Insurance,Financial services,Asia,1
Ford Motor,Automotive,North America,,ING Group,Financial services,Europe,1
Freddie Mac,Financial services,North America,,Barclays,Financial services,Europe,1
Gazprom,Oil and gas,Asia,,Lockheed Martin,Aerospace and defense,North America,0
General Dynamics,Aerospace and defense,North America,,MetLife,Financial services,North America,1
General Electric,Industrial goods,North America,1,Roche Group,Health care and pharmaceuticals,Europe,1
General Motors,Automotive,North America,,HCA Healthcare,Health care and pharmaceuticals,North America,1
George Weston,Retail,North America,1,BASF,Chemicals,Europe,1
Glencore,Metals and mining,Europe,1,Koc Holding,Energy and utilities,Europe,0
Goldman Sachs Group,Financial services,North America,1,Prudential Financial,Financial services,North America,1
Greenland Holding Group,Real estate,Asia,,China Merchants Bank,Financial services,Asia,0
Groupe BPCE,Financial services,Europe,,Petronas,Energy and utilities,Asia,1
GS Caltex,Oil and gas,Asia,,Alimentation Couche-Tard,Retail,North America,0
GSK,Health care and pharmaceuticals,Europe,1,Lenovo Group,Technology,Asia,1
Guangdong Guangxin Holdings,Financial services,Asia,,Korea Electric Power,Energy and utilities,Asia,0
Guangxi Investment Group,Financial services,Asia,,Toyota Tsusho,Financial services,Asia,1
Guangzhou Automobile Industry Group,Automotive,Asia,,China Poly Group,Real estate,Asia,0
Guangzhou Industrial Investment Holdings,Industrial goods,Asia,,Wilmar International,"Food, beverages and agriculture",Asia,1
Guangzhou Municipal Construction Group,Engineering and construction,Asia,,Beijing Automotive Group,Automotive,Asia,0
Guangzhou Pharmaceutical Holdings,Health care and pharmaceuticals,Asia,,Munich Re Group,Financial services,Europe,1
Haier Smart Home,Industrial goods,Asia,,Aluminum Corp. of China,Metals and mining,Asia,0
Hailiang Group,Financial services,Asia,,Sumitomo Mitsui Financial Group,Financial services,Asia,1
Hangzhou Industrial Investment Group,Financial services,Asia,,Itau Unibanco Holding,Financial services,Other,1
Hangzhou Iron and Steel Group,Metals and mining,Asia,,Boeing,Aerospace and defense,North America,0
Hanwha,Financial services,Asia,1,AEON,Retail,Asia,1
HBIS Group,Metals and mining,Asia,,Xiamen ITG Holding Group,Financial services,Asia,0
HCA Healthcare,Health care and pharmaceuticals,North America,1,Zurich Insurance Group,Financial services,Europe,1
HD Hyundai,Oil and gas,Asia,,Unilever,Household and personal products,Europe,1
HDFC Bank,Financial services,Asia,,Accenture,Technology,Europe,1
Heineken,"Food, beverages and agriculture",Europe,1,COSCO Shipping,Transportation and logistics,Asia,1
Hengli Group,Household and personal products,Asia,,Caterpillar,Engineering and construction,North America,0
Hitachi,Industrial goods,Asia,,Dai-ichi Life Holdings,Financial services,Asia,1
Home Depot,Retail,North America,,LG Electronics,Technology,Asia,0
Hon Hai Precision Industry,Industrial goods,Asia,1,Hitachi,Technology,Asia,1
Honda Motor,Automotive,Asia,,Merck,Health care and pharmaceuticals,North America,1
Honeywell International,Industrial goods,North America,,Allstate,Financial services,North America,1
HP,Technology,North America,1,Pfizer,Health care and pharmaceuticals,North America,1
HSBC Holdings,Financial services,Europe,1,Zhejiang Hengyi Group,Chemicals,Asia,0
Huawei Investment & Holding,Telecommunications and media,Asia,,IBM,Technology,North America,1
Humana,Health care and pharmaceuticals,North America,,New York Life Insurance,Financial services,North America,0
Hunan Iron & Steel Group,Metals and mining,Asia,,ArcelorMittal,Metals and mining,Europe,1
Hyundai Mobis,Automotive,Asia,1,Assicurazioni Generali,Financial services,Europe,1
Hyundai Motor,Automotive,Asia,,Delta Air Lines,Transportation and logistics,North America,1
Iberdrola,Energy and utilities,Europe,1,China North Industries Group,Aerospace and defense,Asia,0
IBM,Technology,North America,1,Bouygues,Engineering and construction,Europe,1
Idemitsu Kosan,Oil and gas,Asia,,China Energy Engineering Group,Engineering and construction,Asia,0
Indian Oil,Oil and gas,Asia,1,Renault,Automotive,Europe,0
Inditex,Retail,Europe,1,Banco do Brasil,Financial services,Other,0
Industrial & Commercial Bank of China,Financial services,Asia,,Publix Super Markets,Retail,North America,0
Industrial Bank,Financial services,Asia,,Anheuser-Busch InBev,"Food, beverages and agriculture",Europe,1
ING Group,Financial services,Europe,1,Chery Holding Group,Automotive,Asia,0
Ingka Group,Retail,Europe,1,Mizuho Financial Group,Financial services,Asia,1
Intel,Industrial goods,North America,1,Jinchuan Group,Metals and mining,Asia,0
Intesa Sanpaolo,Financial services,Europe,1,Nationwide,Financial services,North America,1
Itau Unibanco Holding,Financial services,Other,1,Edeka Zentrale,"Food, beverages and agriculture",Europe,1
Itochu,Financial services,Asia,1,Daimler Truck Holding,Automotive,Europe,0
J. Sainsbury,Retail,Europe,1,TD Synnex,Industrial goods,North America,1
Jabil,Industrial goods,North America,,Bank of Montreal,Financial services,North America,1
Japan Post Holdings,Financial services,Asia,,XMXYG,Financial services,Asia,0
Jardine Matheson,Automotive,Other,1,Industrial Bank,Financial services,Asia,0
JBS,"Food, beverages and agriculture",Other,1,United Airlines Holdings,Transportation and logistics,North America,1
JD.com,Retail,Asia,,Nippon Steel,Metals and mining,Asia,0
Jeronimo Martins,"Food, beverages and agriculture",Europe,1,ConocoPhillips,Metals and mining,North America,1
JFE Holdings,Metals and mining,Asia,,Midea Group,Technology,Asia,0
Jiangsu Shagang Group,Metals and mining,Asia,,Tsingshan Holding Group,Metals and mining,Asia,0
Jiangxi Copper,Metals and mining,Asia,,TJX,Retail,North America,1
Jinchuan Group,Metals and mining,Asia,,AbbVie,Health care and pharmaceuticals,North America,0
Jingye Group,Metals and mining,Asia,,Enterprise Products Partners,Energy and utilities,North America,0
Jinneng Holding Group,Metals and mining,Asia,,China Pacific Insurance (Group),Financial services,Asia,0
Johnson & Johnson,Health care and pharmaceuticals,North America,1,Guangzhou Automobile Industry Group,Automotive,Asia,0
JPMorgan Chase,Financial services,North America,1,Bank of Nova Scotia,Financial services,North America,1
KB Financial Group,Financial services,Asia,1,HBIS Group,Metals and mining,Asia,0
KDDI,Telecommunications and media,Asia,,Intesa Sanpaolo,Financial services,Europe,1
Kia,Automotive,Asia,1,China Huaneng Group,Energy and utilities,Asia,0
Koc Holding,Energy and utilities,Asia,,Chubb,Financial services,Europe,0
Korea Electric Power,Energy and utilities,Asia,,HDFC Bank,Financial services,Asia,0
Korea Gas,Oil and gas,Asia,,BHP Group,Metals and mining,Other,1
Kroger,Retail,North America,,Repsol,Oil and gas,Europe,1
La Poste,Transportation and logistics,Europe,1,Panasonic Holdings,Technology,Asia,1
Landesbank Baden-Wurttemberg,Financial services,Europe,1,Maersk Group,Transportation and logistics,Europe,1
Lennar,Engineering and Construction,North America,,Tokio Marine Holdings,Financial services,Asia,1
Lenovo Group,Technology,Asia,1,Charter Communications,Telecommunications and media,North America,0
LG Chem,Chemicals,Asia,1,State Power Investment,Energy and utilities,Asia,0
LG Electronics,Industrial goods,Asia,,PDD Holdings,Retail,Asia,0
Liberty Mutual Insurance Group,Financial services,North America,,Performance Food Group,"Food, beverages and agriculture",North America,0
Life Insurance Corp. of India,Financial services,Asia,,American Airlines Group,Transportation and logistics,North America,1
Linde,Chemicals,Europe,,China United Network Communications,Telecommunications and media,Asia,0
Lloyds Banking Group,Financial services,Europe,1,AstraZeneca,Health care and pharmaceuticals,Europe,1
Lockheed Martin,Aerospace and defense,North America,,Capital One Financial,Financial services,North America,1
L'Oreal,Household and personal products,Europe,1,POSCO Holdings,Metals and mining,Asia,1
Louis Dreyfus,"Food, beverages and agriculture",Europe,,Cisco Systems,Technology,North America,1
Lowe's,Retail,North America,1,Rio Tinto Group,Metals and mining,Europe,1
Lufthansa Group,Transportation and logistics,Europe,,HP,Technology,North America,1
Lukoil,Oil and gas,Asia,1,Phoenix Pharma,Health care and pharmaceuticals,Europe,0
Luxshare Precision Industry,Technology,Asia,,Sanofi,Health care and pharmaceuticals,Europe,1
LyondellBasell Industries,Chemicals,Europe,1,Tyson Foods,"Food, beverages and agriculture",North America,1
Maersk Group,Transportation and logistics,Europe,1,Bunge Global,"Food, beverages and agriculture",Europe,0
Magna International,Automotive,North America,1,Intel,Technology,North America,1
Mapfre Group,Financial services,Europe,,Idemitsu Kosan,Oil and gas,Asia,0
Marathon Petroleum,Oil and gas,North America,,Oracle,Technology,North America,1
Marubeni,Financial services,Asia,1,Tata Motors,Automotive,Asia,1
Massachusetts Mutual Life Insurance,Financial services,North America,1,Broadcom,Technology,North America,0
Mazda Motor,Automotive,Asia,,Bharat Petroleum,Oil and gas,Asia,1
McKesson,Retail,North America,,VTB Bank,Financial services,Europe,0
Meiji Yasuda Life Insurance,Financial services,Asia,1,Novartis,Health care and pharmaceuticals,Europe,1
Meituan,Retail,Asia,,Deere,Engineering and construction,North America,1
Mercadona,"Food, beverages and agriculture",Europe,,Jinneng Holding Group,Metals and mining,Asia,0
Mercedes-Benz Group,Automotive,Europe,,Nike,Retail,North America,0
Merck,Health care and pharmaceuticals,North America,,Dongfeng Motor,Automotive,Asia,0
Meta Platforms,Technology,North America,1,Jingye Group,Metals and mining,Asia,0
MetLife,Financial services,North America,1,Banco Bradesco,Financial services,Other,1
Metro,Retail,Europe,,Marubeni,Financial services,Asia,1
Microsoft,Technology,North America,,Shaanxi Yanchang Petroleum (Group),Metals and mining,Asia,0
Midea Group,Industrial goods,Asia,,Deutsche Bahn,Transportation and logistics,Europe,1
Migros Group,Retail,Europe,1,Xiaomi,Retail,Asia,0
Mitsubishi,Industrial goods,Asia,1,Crédit Mutuel Group,Financial services,Europe,1
Mitsubishi Electric,Industrial goods,Asia,1,Louis Dreyfus,"Food, beverages and agriculture",Europe,0
Mitsubishi Heavy Industries,Industrial goods,Asia,1,Liberty Mutual Insurance Group,Financial services,North America,0
Mitsubishi UFJ Financial Group,Financial services,Asia,1,Bayer,Chemicals,Europe,1
Mitsui,Financial services,Asia,,Saint-Gobain,Industrial goods,Europe,1
Mizuho Financial Group,Financial services,Asia,1,Contemporary Amperex Technology,Automotive,Asia,0
Molina Healthcare,Health care and pharmaceuticals,North America,,Plains GP Holdings,Energy and utilities,North America,0
Mondelez International,"Food, beverages and agriculture",North America,1,Talanx,Financial services,Europe,1
Morgan Stanley,Financial services,North America,1,UniCredit Group,Financial services,Europe,1
MS&AD Insurance Group Holdings,Financial services,Asia,1,Volvo,Engineering and construction,Europe,1
Munich Re Group,Financial services,Europe,1,HD Hyundai,Oil and gas,Asia,0
National Australia Bank,Financial services,Other,1,Shanghai Pudong Development Bank,Financial services,Asia,0
Nationwide,Financial services,North America,1,USAA,Financial services,North America,0
Nestle,"Food, beverages and agriculture",Europe,1,SK Hynix,Technology,Asia,1
Netflix,Telecommunications and media,North America,1,Iberdrola,Energy and utilities,Europe,1
New Hope Holding Group,"Food, beverages and agriculture",Asia,,Veolia Environnement,Energy and utilities,Europe,1
New York Life Insurance,Financial services,North America,1,Bristol-Myers Squibb,Health care and pharmaceuticals,North America,1
Nike,Household and personal products,North America,1,Landesbank Baden-Wurttemberg,Financial services,Europe,1
Nippon Life Insurance,Financial services,Asia,1,Ingram Micro Holding,Industrial goods,North America,0
Nippon Steel Corporation,Metals and mining,Asia,,Sumitomo,Financial services,Asia,0
Nippon Telegraph and Telephone,Telecommunications and media,Asia,,General Dynamics,Aerospace and defense,North America,0
Nissan Motor,Automotive,Asia,,China Vanke,Real estate,Asia,0
Northrop Grumman,Aerospace and defense,North America,1,SoftBank Group,Telecommunications and media,Asia,1
Northwestern Mutual,Financial services,North America,,America Movil,Telecommunications and media,Other,1
Novartis,Health care and pharmaceuticals,Europe,1,Canadian Imperial Bank of Commerce,Financial services,North America,1
Novo Nordisk,Health care and pharmaceuticals,Europe,1,Coca-Cola,"Food, beverages and agriculture",North America,1
Nucor,Metals and mining,North America,1,L'Oréal,Household and personal products,Europe,1
Nvidia,Technology,North America,,Denso,Automotive,Asia,0
Oil & Natural Gas,Metals and mining,Asia,,TIAA,Financial services,North America,1
Olam Group,Retail,Asia,1,Meituan,Retail,Asia,0
OMV Group,Oil and gas,Europe,1,SNCF Group,Transportation and logistics,Europe,0
Oracle,Technology,North America,1,Travelers,Financial services,North America,0
Orange,Telecommunications and media,Europe,1,Zhejiang Communications Investment Group,Transportation and logistics,Asia,0
Orlen,Oil and gas,Europe,1,Swiss Re,Financial services,Europe,1
Paccar,Automotive,North America,,China South Industries Group,Aerospace and defense,Asia,0
Pacific Construction Group,Engineering and construction,Asia,,Raizen,Oil and gas,Other,0
Panasonic Holdings,Industrial goods,Asia,1,Taikang Insurance Group,Financial services,Asia,0
PBF Energy,Oil and gas,North America,,Ingka Group,Retail,Europe,1
PDD Holdings,Retail,Asia,,Eli Lilly,Health care and pharmaceuticals,North America,0
Pegatron,Industrial goods,Asia,1,ACS,Engineering and construction,Europe,1
Pemex,Metals and mining,North America,1,Susun Construction Group,Engineering and construction,Asia,0
People's Insurance Co. of China,Financial services,Asia,,China Huadian,Energy and utilities,Asia,0
PepsiCo,"Food, beverages and agriculture",North America,1,George Weston,Retail,North America,1
Performance Food Group,Retail,North America,1,Orange,Telecommunications and media,Europe,1
Pertamina,Oil and gas,Asia,,ZF Friedrichshafen,Automotive,Europe,0
Petrobras,Oil and gas,Other,,Telefonica,Telecommunications and media,Europe,1
Petronas,Oil and gas,Asia,1,Tokyo Electric Power,Energy and utilities,Asia,0
Pfizer,Health care and pharmaceuticals,North America,1,Woolworths Group,Retail,Other,1
Philip Morris International,"Food, beverages and agriculture",North America,1,Vodafone Group,Telecommunications and media,Europe,1
Phillips 66,Oil and gas,North America,,Uber Technologies,Retail,North America,1
Phoenix Pharma,Retail,Europe,1,Quanta Computer,Technology,Asia,1
Ping An Insurance,Financial services,Asia,,Fomento Económico Mexicano,"Food, beverages and agriculture",Other,0
Plains GP Holdings,Oil and gas,North America,,MS&AD Insurance Group Holdings,Financial services,Asia,1
POSCO Holdings,Metals and mining,Asia,,China National Building Material Group,Industrial goods,Asia,0
Power Corp. of Canada,Financial services,North America,,Sinomach,Industrial goods,Asia,0
PowerChina,Engineering and construction,Asia,,DZ Bank,Financial services,Europe,1
Procter & Gamble,Household and personal products,North America,1,Massachusetts Mutual Life Insurance,Financial services,North America,1
Progressive,Financial services,North America,1,Dow,Chemicals,North America,0
Prudential Financial,Financial services,North America,1,ANZ Group Holdings,Financial services,Other,0
PTT,Oil and gas,Asia,1,Continental,Automotive,Europe,0
Publix Super Markets,Retail,North America,,Commonwealth Bank of Australia,Financial services,Other,1
Qualcomm,Industrial goods,North America,1,Thermo Fisher Scientific,Health care and pharmaceuticals,North America,1
Quanta Computer,Technology,Asia,,Magna International,Automotive,North America,1
Rabobank Group,Financial services,Europe,,U.S. Bancorp,Financial services,North America,1
Raizen,Oil and gas,Other,,Caixa Econômica Federal,Financial services,Other,1
Rajesh Exports,Financial services,Asia,,Fairfax Financial Holdings,Financial services,North America,0
Reliance Industries,Oil and gas,Asia,1,J. Sainsbury,Retail,Europe,1
Renault,Automotive,Europe,1,Zijin Mining Group,Metals and mining,Asia,0
Repsol,Oil and gas,Europe,1,World Kinect,Energy and utilities,North America,1
Rio Tinto Group,Metals and mining,Europe,1,X5 Retail Group,Retail,Europe,0
Roche Group,Health care and pharmaceuticals,Europe,1,Novo Nordisk,Health care and pharmaceuticals,Europe,1
Rosneft Oil,Oil and gas,Europe,,Olam Group,"Food, beverages and agriculture",Asia,1
Royal Ahold Delhaize,Retail,Europe,1,Compass Group,Industrial goods,Europe,1
Royal Bank of Canada,Financial services,North America,1,Hyundai Mobis,Automotive,Asia,1
RTX,Aerospace and Defense,North America,1,Abbott Laboratories,Health care and pharmaceuticals,North America,1
S.F. Holding,Transportation and logistics,Asia,,Standard Chartered,Financial services,Europe,1
SAIC Motor,Automotive,Asia,,Shanghai Construction Group,Engineering and construction,Asia,0
Saint-Gobain,Industrial goods,Europe,1,Inditex,Retail,Europe,1
Salesforce,Technology,North America,1,Best Buy,Retail,North America,1
Samsung C&T,Financial services,Asia,,Northwestern Mutual,Financial services,North America,0
Samsung Electronics,Industrial goods,Asia,1,Schneider Electric,Technology,Europe,1
Sanofi,Health care and pharmaceuticals,Europe,1,KB Financial Group,Financial services,Asia,1
SAP,Technology,Europe,1,Northrop Grumman,Aerospace and defense,North America,1
Saudi Aramco,Metals and mining,Asia,1,National Australia Bank,Financial services,Other,1
Sberbank,Financial services,Asia,,Hanwha,Financial services,Asia,1
Schlumberger,Oil and gas,North America,1,Molina Healthcare,Health care and pharmaceuticals,North America,0
Schneider Electric,Industrial goods,Europe,1,Lufthansa Group,Transportation and logistics,Europe,0
Seven & I Holdings,Retail,Asia,1,Dollar General,Retail,North America,0
Shaanxi Coal & Chemical Industry,Metals and mining,Asia,,LyondellBasell Industries,Chemicals,Europe,1
Shaanxi Construction Engineering Holding,Engineering and Construction,Asia,,China Minsheng Banking,Financial services,Asia,0
Shaanxi Yanchang Petroleum (Group),Metals and mining,Asia,,GSK,Health care and pharmaceuticals,Europe,1
Shandong Energy Group,Metals and mining,Asia,,Bank of New York (BNY),Financial services,North America,0
Shandong Hi-Speed Group,Transportation and logistics,Asia,,Haier Smart Home,Household and personal products,Asia,1
Shandong Weiqiao Pioneering Group,Household and personal products,Asia,1,Cenovus Energy,Metals and mining,North America,1
Shanghai Construction Group,Engineering and construction,Asia,,Coop Group,Retail,Europe,1
Shanghai Delong Steel Group,Metals and mining,Asia,,S.F. Holding,Transportation and logistics,Asia,1
Shanghai Pharmaceuticals Holding,Retail,Asia,,Hangzhou Industrial Investment Group,Financial services,Asia,0
Shanghai Pudong Development Bank,Financial services,Asia,,Warner Bros. Discovery,Telecommunications and media,North America,1
Shanxi Coking Coal Group,Metals and mining,Asia,,CHS,"Food, beverages and agriculture",North America,0
Shell,Oil and gas,Europe,1,Enbridge,Energy and utilities,North America,1
Shenghong Holding Group,Chemicals,Asia,,Netflix,Telecommunications and media,North America,1
Shenzhen Investment Holdings,Financial services,Asia,,Qualcomm,Technology,North America,1
Shougang Group,Metals and mining,Asia,,KDDI,Telecommunications and media,Asia,1
Shudao Investment Group,Engineering and construction,Asia,,Shandong Hi-Speed Group,Transportation and logistics,Asia,0
Siemens,Industrial goods,Europe,1,General Electric (GE Aerospace),Aerospace and defense,North America,1
Siemens Energy,Energy and utilities,Europe,1,Mercadona,Retail,Europe,0
Sinochem Holdings,Chemicals,Asia,,Honeywell International,Industrial goods,North America,0
Sinomach,Industrial goods,Asia,,Hangzhou Iron and Steel Group,Metals and mining,Asia,0
Sinopec Group,Oil and gas,Asia,,Guangzhou Industrial Investment Holdings,Industrial goods,Asia,0
Sinopharm,Health care and pharmaceuticals,Asia,,Shanghai Pharmaceuticals Holding,Health care and pharmaceuticals,Asia,0
SK,Oil and gas,Asia,,Suzuki Motor,Automotive,Asia,0
SNCF Group,Transportation and logistics,Europe,1,Vale,Metals and mining,Other,1
Societe Generale,Financial services,Europe,,ThyssenKrupp,Metals and mining,Europe,1
SoftBank Group,Telecommunications and media,Asia,1,Salesforce,Technology,North America,1
Sompo Holdings,Financial services,Asia,1,Philip Morris International,Household and personal products,North America,1
Sony,Industrial goods,Asia,1,US Foods Holding,"Food, beverages and agriculture",North America,0
Standard Chartered,Financial services,Europe,1,Shenzhen Investment Holdings,Financial services,Asia,0
Starbucks,"Food, beverages and agriculture",North America,1,Westpac Banking,Financial services,Other,1
State Bank of India,Financial services,Asia,1,Jiangsu Shagang Group,Metals and mining,Asia,0
State Farm Insurance,Financial services,North America,,AIA Group,Financial services,Asia,1
State Grid,Energy and utilities,Asia,,Guangdong Guangxin Holdings,Financial services,Asia,0
State Power Investment,Energy and utilities,Asia,,QNB Group,Financial services,Other,0
Stellantis,Automotive,Europe,1,NatWest Group,Financial services,Europe,1
StoneX Group,Financial services,North America,,La Poste,Transportation and logistics,Europe,1
Subaru,Automotive,Asia,,Siemens Energy,Energy and utilities,Europe,0
Sumitomo,Financial services,Asia,,Luxshare Precision Industry,Technology,Asia,0
Sumitomo Mitsui Financial Group,Financial services,Asia,1,Energie Baden-Wurttemberg,Energy and utilities,Europe,0
Suncor Energy,Oil and gas,North America,,Suncor Energy,Oil and gas,North America,1
Susun Construction Group,Engineering and construction,Asia,,New Hope Holding Group,"Food, beverages and agriculture",Asia,0
Suzuki Motor,Automotive,Asia,,China Electronics,Technology,Asia,0
Swiss Re,Financial services,Europe,1,LG Chem,Chemicals,Asia,1
Sysco,Retail,North America,,SAP,Technology,Europe,1
Taikang Insurance Group,Financial services,Asia,,Migros Group,Retail,Europe,1
Taiwan Semiconductor Manufacturing,Industrial goods,Asia,1,Meiji Yasuda Life Insurance,Financial services,Asia,1
Talanx,Financial services,Europe,1,D.R. Horton,Engineering and construction,North America,0
Target,Retail,North America,1,OMV Group,Oil and gas,Europe,1
Tata Motors,Automotive,Asia,,Lithia Motors,Retail,North America,0
TD Synnex,Retail,North America,1,CFE,Energy and utilities,Other,0
Telefonica,Telecommunications and media,Europe,1,Mondelez International,"Food, beverages and agriculture",North America,1
Tencent Holdings,Technology,Asia,,Schlumberger,Oil and gas,North America,1
Tesco,Retail,Europe,1,Ansteel Group,Metals and mining,Asia,0
Tesla,Automotive,North America,,Mitsubishi Electric,Technology,Asia,1
Thermo Fisher Scientific,Industrial goods,North America,1,Jerónimo Martins,Retail,Europe,1
ThyssenKrupp,Metals and mining,Europe,,Starbucks,"Food, beverages and agriculture",North America,1
TIAA,Financial services,North America,1,Hailiang Group,Financial services,Asia,1
TJX,Retail,North America,1,Mapfre Group,Financial services,Europe,0
Tokio Marine Holdings,Financial services,Asia,1,CK Hutchison Holdings,Retail,Asia,1
Tokyo Electric Power,Energy and utilities,Asia,1,ELO Group,Retail,Europe,0
TongLing Nonferrous Metals Group,Metals and mining,Asia,,Visa,Financial services,North America,1
Tongwei Group,Energy and utilities,Asia,,China Datang,Energy and utilities,Asia,0
Toronto-Dominion Bank,Financial services,North America,1,CRRC Group,Industrial goods,Asia,0
TotalEnergies,Oil and gas,Europe,,Jardine Matheson,Automotive,Asia,1
Toyota Motor,Automotive,Asia,,Sompo Holdings,Financial services,Asia,1
Toyota Tsusho,Financial services,Asia,1,TongLing Nonferrous Metals Group,Metals and mining,Asia,0
Trafigura Group,Financial services,Asia,,CBRE Group,Real estate,North America,1
Travelers,Financial services,North America,,Rabobank Group,Financial services,Europe,0
Truist Financial,Financial services,North America,1,Shudao Investment Group,Engineering and construction,Asia,0
Tsingshan Holding Group,Metals and mining,Asia,,Guangzhou Municipal Construction Group,Engineering and construction,Asia,0
Tyson Foods,"Food, beverages and agriculture",North America,1,Daiwa House Industry,Engineering and construction,Asia,1
U.S. Bancorp,Financial services,North America,1,CRH,Industrial goods,Europe,1
U.S. Postal Service,Transportation and logistics,North America,,Lennar,Engineering and construction,North America,0
Uber Technologies,Technology,North America,1,Guangzhou Pharmaceutical Holdings,Health care and pharmaceuticals,Asia,0
UBS Group,Financial services,Europe,1,Country Garden Holdings,Real estate,Asia,0
UniCredit Group,Financial services,Europe,1,Pegatron,Technology,Asia,1
Unilever,Household and personal products,Europe,1,GE Vernova,Energy and utilities,North America,1
Uniper,Energy and utilities,Europe,,GS Caltex,Oil and gas,Asia,0
United Airlines Holdings,Transportation and logistics,North America,1,ICICI Bank,Financial services,Asia,0
United Parcel Service,Transportation and logistics,North America,,Shandong Gold Group,Metals and mining,Asia,0
UnitedHealth Group,Health care and pharmaceuticals,North America,1,International Airlines Group,Transportation and logistics,Europe,1
US Foods Holding,Retail,North America,,Shanghai Delong Steel Group,Metals and mining,Asia,0
USAA,Financial services,North America,,PNC Financial Services Group,Financial services,North America,0
Vale,Metals and mining,Other,1,Perusahaan Listrik Negara,Energy and utilities,Asia,1
Valero Energy,Oil and gas,North America,,Emirates Group,Transportation and logistics,Other,0
Veolia Environnement,Energy and utilities,Europe,1,Beijing Jianlong Heavy Industry Group,Metals and mining,Asia,0
Verizon Communications,Telecommunications and media,North America,1,Cummins,Industrial goods,North America,1
Vibra Energia,Oil and gas,Other,,China National Coal Group,Metals and mining,Asia,0
Vinci,Engineering and construction,Europe,,Air France-KLM Group,Transportation and logistics,Europe,1
Visa,Financial services,North America,,Sumitomo Life Insurance,Financial services,Asia,1
Vodafone Group,Telecommunications and media,Europe,1,Paccar,Engineering and construction,North America,0
Volkswagen,Automotive,Europe,,Metro,"Food, beverages and agriculture",Europe,0
Volvo,Automotive,Europe,,BAE Systems,Aerospace and defense,Europe,1
VTB Bank,Financial services,Asia,,Tongwei Group,Energy and utilities,Asia,0
Walgreens Boots Alliance,Retail,North America,1,Greenland Holding Group,Real estate,Asia,0
Walmart,Retail,North America,1,China National Aviation Fuel Group,Financial services,Asia,0
Walt Disney,Telecommunications and media,North America,1,Amgen,Health care and pharmaceuticals,North America,0
Warner Bros. Discovery,Telecommunications and media,North America,,Hunan Iron & Steel Group,Metals and mining,Asia,0
Wells Fargo,Financial services,North America,1,St. James's Place,Financial services,Europe,1
Wilmar International,"Food, beverages and agriculture",Asia,,PBF Energy,Oil and gas,North America,0
Woolworths Group,Retail,Other,1,British American Tobacco,Household and personal products,Europe,1
World Kinect,Energy and utilities,North America,,Linde,Chemicals,Europe,0
Wuchan Zhongda Group,Financial services,Asia,,Mitsubishi Heavy Industries,Industrial goods,Asia,1
X5 Retail Group,Retail,Asia,,Guangxi Investment Group,Financial services,Asia,0
Xiamen C&D,Financial services,Asia,,GuideWell Mutual Holding,Health care and pharmaceuticals,North America,0
Xiamen ITG Holding Group,Financial services,Asia,,Mazda Motor,Automotive,Asia,0
Xiaomi,Industrial goods,Asia,,ABB,Industrial goods,Europe,1
XMXYG,Financial services,Asia,,Magnit,Retail,Europe,1
ZF Friedrichshafen,Automotive,Europe,,CPC,Oil and gas,Asia,1
Zhejiang Communications Investment Group,Transportation and logistics,Asia,,Ecopetrol,Metals and mining,Other,1
Zhejiang Geely Holding Group,Automotive,Asia,,Wistron,Technology,Asia,1
Zhejiang Hengyi Group,Chemicals,Asia,,Medtronic,Health care and pharmaceuticals,Europe,1
Zhejiang Rongsheng Holding Group,Chemicals,Asia,,New China Life Insurance,Financial services,Asia,0
Zijin Mining Group,Metals and mining,Asia,,China General Technology,Financial services,Asia,0
Zurich Insurance Group,Financial services,Europe,1,Heineken,"Food, beverages and agriculture",Europe,1
